{
   "T": [
      [
         0.7701511529340699,
         -0.42073549240394825,
         0.479425538604203,
         -0.1
      ],
      [
         0.6224468324596157,
         0.6599557456319313,
         -0.42073549240394825,
         -0.1
      ],
      [
         -0.13938128423613425,
         0.6224468324596157,
         0.7701511529340699,
         -0.1
      ],
      [
         0.0,
         0.0,
         0.0,
         1.0
      ]
   ],
   "r": [
      [
         0.7701511529340699,
         -0.42073549240394825,
         0.479425538604203
      ],
      [
         0.6224468324596157,
         0.6599557456319313,
         -0.42073549240394825
      ],
      [
         -0.13938128423613425,
         0.6224468324596157,
         0.7701511529340699
      ]
   ],
   "t": [
      -0.1,
      -0.1,
      -0.1
   ],
   "GT": [
      [
         0.7701511529340699,
         0.6224468324596157,
         -0.13938128423613425,
         0.1
      ],
      [
         -0.42073549240394825,
         0.6599557456319312,
         0.6224468324596157,
         0.1
      ],
      [
         0.479425538604203,
         -0.42073549240394825,
         0.7701511529340699,
         0.1
      ],
      [
         0.0,
         0.0,
         0.0,
         1.0
      ]
   ],
   "gt_r": [
      [
         0.7701511529340699,
         0.6224468324596157,
         -0.13938128423613425
      ],
      [
         -0.42073549240394825,
         0.6599557456319312,
         0.6224468324596157
      ],
      [
         0.479425538604203,
         -0.42073549240394825,
         0.7701511529340699
      ]
   ],
   "gt_t": [
      0.1,
      0.1,
      0.1
   ]
}